From,To
A0A0A1P6P0,BCV71DRAFT_292304
A0A0D9MXW1,P034_00410467
A2PZ98,Ace1
A3EZI9,NS3
A4D0S4,LAMB4
A5LHX3,PSMB11
A5X5Y0,HTR3E
A6NMZ7,COL6A6
A7E2Y1,MYH7B
A8TX70,COL6A5
D2K2A8,NS4A
E0V9R7,8233823
E0V9W2,8233868
E0VAD1,8232310
E0VB18,8232849
E0VB20,8232852
E0VBK5,8231029
E0VCA5,8231511
E0VCW8,8238086
E0VCW9,8238085
E0VDF4,8238272
E0VDF5,8238273
E0VDF7,8238275
E0VDM3,8238343
E0VDR0,8238380
E0VED4,8234154
E0VGV6,8240195
E0VHL8,8237447
E0VHZ1,8237618
E0VJJ0,8230819
E0VM29,8229807
E0VMV6,8236087
E0VMV7,8236088
E0VMW9,8236100
E0VP62,8232002
E0VQ45,8233619
E0VQ46,8233620
E0VQ47,8233621
E0VRD2,8237795
E0VSD4,8234407
E0VSD5,8234408
E0VUR0,8230507
E0VUR1,8230508
E0VV39,8230924
E0VV52,8230937
E0VV70,8238404
E0VV72,8230957
E0VXT9,8232915
E0VY07,8232983
E0VZW4,8235475
E0W115,8234840
E0W2B1,8232678
E0W389,8236974
E0W492,8239847
E0W4F7,8239920
F2SF18,TERG_01112
F2SG63,TERG_02189
F2SHH3,TERG_01703
F2SZ02,TERG_07773
F2SZD3,TERG_07904
G4WW85,cyp51A
H9U2V9,Rdl1
H9U2W0,Rdl2
H9U2W1,Rdl3
O00206,TLR4
O00217,NDUFS8
O00220,TNFRSF10A
O00231,PSMD11
O00232,PSMD12
O00305,CACNB4
O00311,CDC7
O00329,PIK3CD
O00408,PDE2A
O00444,PLK4
O00459,PIK3R2
O00483,NDUFA4
O00487,PSMD14
O00519,FAAH
O00555,CACNA1A
O00591,GABRP
O09800,gN
O13428,GSC1
O14561,NDUFAB1
O14649,KCNK3
O14746,TERT
O14757,CHEK1
O14763,TNFRSF10B
O14764,GABRD
O14788,TNFSF11
O14793,MSTN
O14818,PSMA7
O14842,FFAR1
O14920,IKBKB
O14965,AURKA
O14980,XPO1
O15123,ANGPT2
O15197,EPHB6
O15230,LAMA5
O15239,NDUFA1
O15379,HDAC3
O15399,GRIN2D
O15455,TLR3
O15496,PLA2G10
O15530,PDPK1
O15554,KCNN4
O40239,env
O43174,CYP26A1
O43181,NDUFS4
O43193,MLNR
O43242,PSMD3
O43283,MAP3K13
O43451,MGAM
O43497,CACNA1G
O43525,KCNQ3
O43526,KCNQ2
O43557,TNFSF14
O43570,CA12
O43613,HCRTR1
O43614,HCRTR2
O43674,NDUFB5
O43676,NDUFB3
O43677,NDUFC1
O43678,NDUFA2
O43895,XPNPEP2
O43920,NDUFS5
O43924,PDE6D
O52759,rpsD
O52761,rplQ
O60359,CACNG3
O60391,GRIN3B
O60602,TLR5
O60658,PDE8A
O60674,JAK2
O60706,ABCC9
O60840,CACNA1F
O60894,RAMP1
O60895,RAMP2
O60896,RAMP3
O75084,FZD7
O75116,ROCK2
O75251,NDUFS7
O75306,NDUFS2
O75343,GUCY1B2
O75380,NDUFS6
O75438,NDUFB1
O75489,NDUFS3
O75762,TRPA1
O75888,TNFSF13
O75899,GABBR2
O75907,DGAT1
O76074,PDE5A
O76083,PDE9A
O82850,rpsB
O94806,PRKD3
O94907,DKK1
O94921,CDK14
O95069,KCNK2
O95136,S1PR2
O95139,NDUFB6
O95167,NDUFA3
O95168,NDUFB4
O95169,NDUFB8
O95178,NDUFB2
O95180,CACNA1H
O95182,NDUFA7
O95259,KCNH1
O95263,PDE8B
O95264,HTR3B
O95298,NDUFC2
O95299,NDUFA10
O95393,BMP10
O95477,ABCA1
O95838,GLP2R
O95977,S1PR4
O96000,NDUFB10
O96013,PAK4
O96017,CHEK2
P00325,ADH1B
P00326,ADH1C
P00374,DHFR
P00390,GSR
P00439,PAH
P00451,F8
P00491,PNP
P00519,ABL1
P00533,EGFR
P00734,F2
P00740,F9
P00742,F10
P00747,PLG
P00750,PLAT
P00797,REN
P00813,ADA
P00915,CA1
P00918,CA2
P01008,SERPINC1
P01031,C5
P01127,PDGFB
P01137,TGFB1
P01138,NGF
P01344,IGF2
P01374,LTA
P01375,TNF
P01579,IFNG
P01583,IL1A
P01584,IL1B
P01589,IL2RA
P01730,CD4
P01848,TRAC
P01854,IGHE
P01911,HLA-DRB1
P02358,rpsF
P02359,rpsG
P02413,rplO
P02452,COL1A1
P02458,COL2A1
P02461,COL3A1
P02462,COL4A1
P02585,TNNC2
P02671,FGA
P02675,FGB
P02679,FGG
P02708,CHRNA1
P02751,FN1
P02766,TTR
P02778,CXCL10
P02918,mrcA
P02919,mrcB
P03372,ESR1
P03468,NA
P03474,NA
P03886,MT-ND1
P03891,MT-ND2
P03897,MT-ND3
P03901,MT-ND4L
P03905,MT-ND4
P03915,MT-ND5
P03923,MT-ND6
P03952,KLKB1
P03956,MMP1
P03979,TRGV3
P04035,HMGCR
P04049,RAF1
P04062,GBA
P04141,CSF2
P04150,NR3C1
P04201,MAS1
P04233,CD74
P04234,CD3D
P04275,VWF
P04288,gM
P04293,UL30
P04350,TUBB4A
P04435,TCRB
P04437,TCRA
P04488,gE
P04626,ERBB2
P04629,NTRK1
P04746,AMY2A
P04818,TYMS
P05019,IGF1
P05023,ATP1A1
P05026,ATP1B1
P05067,APP
P05091,ALDH2
P05093,CYP17A1
P05106,ITGB3
P05107,ITGB2
P05108,CYP11A1
P05112,IL4
P05113,IL5
P05121,SERPINE1
P05129,PRKCG
P05230,FGF1
P05231,IL6
P05362,ICAM1
P05556,ITGB1
P05771,PRKCB
P05997,COL5A2
P06127,CD5
P06213,INSR
P06239,LCK
P06241,FYN
P06276,BCHE
P06401,PGR
P06477,gH
P06480,gJ
P06484,gG
P06487,gI
P06493,CDK1
P06729,CD2
P06731,CEACAM5
P06734,FCER2
P06756,ITGAV
P06821,M
P06881,CALCA
P07098,LIPF
P07101,TH
P07202,TPO
P07237,P4HB
P07327,ADH1A
P07333,CSF1R
P07437,TUBB
P07451,CA3
P07510,CHRNG
P07550,ADRB2
P07766,CD3E
P07900,HSP90AA1
P07942,LAMB1
P07947,YES1
P07948,LYN
P07949,RET
P08069,IGF1R
P08123,COL1A2
P08172,CHRM2
P08173,CHRM4
P08183,ABCB1
P08235,NR3C2
P08238,HSP90AB1
P08473,MME
P08476,INHBA
P08506,dacC
P08514,ITGA2B
P08571,CD14
P08572,COL4A2
P08581,MET
P08588,ADRB1
P08590,MYL3
P08631,HCK
P08648,ITGA5
P08670,VIM
P08684,CYP3A4
P08842,STS
P08887,IL6R
P08908,HTR1A
P08912,CHRM5
P08913,ADRA2A
P09038,FGF2
P09211,GSTP1
P09237,MMP7
P09619,PDGFRB
P09693,CD3G
P09769,FGR
P09874,PARP1
P09884,POLA1
P09917,ALOX5
P0A0F4,rplK
P0A0F8,rplO
P0A0G2,rpmD
P0A0H0,rpsL
P0A0K8,gyrB
P0A472,rplL
P0A474,rplN
P0A476,rplP
P0A484,rpmC
P0A496,rpmJ
P0A4A8,rpsL
P0A4B4,rpsQ
P0A4B6,rpsS
P0A4C4,rpsC
P0A4L9,gyrB
P0A749,murA
P0A7J3,rplJ
P0A7J7,rplK
P0A7K2,rplL
P0A7K6,rplS
P0A7L0,rplA
P0A7L3,rplT
P0A7L8,rpmA
P0A7M2,rpmB
P0A7M6,rpmC
P0A7M9,rpmE
P0A7N1,ykgM
P0A7N4,rpmF
P0A7N9,rpmG
P0A7P5,rpmH
P0A7Q1,rpmI
P0A7Q6,rpmJ
P0A7R5,rpsJ
P0A7R9,rpsK
P0A7S3,rpsL
P0A7S9,rpsM
P0A7T3,rpsP
P0A7T7,rpsR
P0A7U3,rpsS
P0A7U7,rpsT
P0A7V0,rpsB
P0A7V3,rpsC
P0A7V8,rpsD
P0A7W1,rpsE
P0A7W7,rpsH
P0A7X3,rpsI
P0A7Z4,rpoA
P0A800,rpoZ
P0A8T7,rpoC
P0A8V2,rpoB
P0AA10,rplM
P0ABQ4,folA
P0AC13,folP
P0AD65,mrdA
P0AD68,ftsI
P0ADY3,rplN
P0ADY7,rplP
P0ADZ0,rplW
P0ADZ4,rpsO
P0AEB2,dacA
P0AEK4,fabI
P0AES4,gyrA
P0AES6,gyrB
P0AFI2,parC
P0AG44,rplQ
P0AG48,rplU
P0AG51,rpmD
P0AG55,rplF
P0AG59,rpsN
P0AG63,rpsQ
P0AG67,rpsA
P0C018,rplR
P0C0D4,rplV
P0C0D6,rplD
P0C0X1,folP1
P0C1S7,parE
P0C1U9,parC
P0CS13,TMP1
P0DJD9,PGA5
P0DMS8,ADORA3
P10092,CALCB
P10145,CXCL8
P10185,gL
P10211,gB
P10228,gC
P10253,GAA
P10275,AR
P10276,RARA
P10398,ARAF
P10415,BCL2
P10451,SPP1
P10600,TGFB3
P10613,ERG11
P10721,KIT
P10826,RARB
P10827,THRA
P10828,THRB
P10912,GHR
P10916,MYL2
P11047,LAMC1
P11142,HSPA8
P11215,ITGAM
P11229,CHRM1
P11230,CHRNB1
P11274,BCR
P11309,PIM1
P11362,FGFR1
P11387,TOP1
P11388,TOP2A
P11473,VDR
P11511,CYP19A1
P11597,CETP
P11802,CDK4
P11836,MS4A1
P11926,ODC1
P12107,COL11A1
P12109,COL6A1
P12110,COL6A2
P12111,COL6A3
P12259,F5
P12268,IMPDH2
P12272,PTHLH
P12314,FCGR1A
P12461,TMP1
P12821,ACE
P12829,MYL4
P12883,MYH7
P12931,SRC
P13423,pagA
P13500,CCL2
P13533,MYH6
P13569,CFTR
P13591,NCAM1
P13612,ITGA4
P13631,RARG
P13637,ATP1A3
P13639,EEF2
P13866,SLC5A1
P13942,COL11A2
P13945,ADRB3
P14151,SELL
P14210,HGF
P14324,FDPS
P14415,ATP1B2
P14416,DRD2
P14555,PLA2G2A
P14679,TYR
P14778,IL1R1
P14780,MMP9
P14784,IL2RB
P14867,GABRA1
P14902,IDO1
P15056,BRAF
P15144,ANPEP
P15248,IL9
P15260,IFNGR1
P15328,FOLR1
P15391,CD19
P15502,ELN
P15509,CSF2RA
P15538,CYP11B1
P15559,NQO1
P15692,VEGFA
P15941,MUC1
P16066,NPR1
P16109,SELP
P16233,PNLIP
P16234,PDGFRA
P16389,KCNA2
P16410,CTLA4
P16422,EPCAM
P16444,DPEP1
P16473,TSHR
P16499,PDE6A
P16581,SELE
P17181,IFNAR1
P17252,PRKCA
P17301,ITGA2
P17568,NDUFB7
P17612,PRKACA
P17643,TYRP1
P17658,KCNA6
P17752,TPH1
P17787,CHRNB2
P17813,ENG
P17948,FLT1
P17980,PSMC3
P18084,ITGB5
P18089,ADRA2B
P18177,toxB
P18405,SRD5A1
P18505,GABRB1
P18507,GABRG2
P18545,PDE6G
P18564,ITGB6
P18825,ADRA2C
P19235,EPOR
P19404,NDUFV2
P19793,RXRA
P19971,TYMP
P20083,parE
P20138,CD33
P20273,CD22
P20292,ALOX5AP
P20309,CHRM3
P20618,PSMB1
P20648,ATP4A
P20701,ITGAL
P20711,DDC
P20815,CYP3A5
P20831,gyrA
P20839,IMPDH1
P20908,COL5A1
P20916,MAG
P21127,CDK11B
P21397,MAOA
P21452,TACR2
P21453,S1PR1
P21554,CNR1
P21709,EPHA1
P21728,DRD1
P21730,C5AR1
P21731,TBXA2R
P21802,FGFR2
P21817,RYR1
P21860,ERBB3
P21917,DRD4
P21918,DRD5
P21964,COMT
P22001,KCNA3
P22102,GART
P22118,gyrB
P22301,IL10
P22303,ACHE
P22455,FGFR4
P22459,KCNA4
P22460,KCNA5
P22607,FGFR3
P22612,PRKACG
P22694,PRKACB
P22748,CA4
P22888,LHCGR
P22894,MMP8
P23219,PTGS1
P23280,CA6
P23415,GLRA1
P23443,RPS6KB1
P23458,JAK1
P23510,TNFSF4
P23921,RRM1
P23945,FSHR
P23975,SLC6A2
P24043,LAMA2
P24228,dacB
P24385,CCND1
P24394,IL4R
P24462,CYP3A7
P24530,EDNRB
P24723,PRKCH
P24821,TNC
P24941,CDK2
P25021,HRH2
P25024,CXCR1
P25025,CXCR2
P25092,GUCY2C
P25100,ADRA1D
P25101,EDNRA
P25103,TACR1
P25105,PTAFR
P25116,F2R
P25391,LAMA1
P25786,PSMA1
P25787,PSMA2
P25788,PSMA3
P25789,PSMA4
P25940,COL5A3
P25942,CD40
P26010,ITGB7
P26358,DNMT1
P26439,HSD3B2
P27338,MAOB
P27361,MAPK3
P27487,DPP4
P27815,PDE4A
P27986,PIK3R1
P28062,PSMB8
P28065,PSMB9
P28066,PSMA5
P28070,PSMB4
P28072,PSMB6
P28074,PSMB5
P28221,HTR1D
P28222,HTR1B
P28223,HTR2A
P28331,NDUFS1
P28335,HTR2C
P28340,POLD1
P28472,GABRB3
P28482,MAPK1
P28702,RXRB
P28838,LAP3
P28907,CD38
P28908,TNFRSF8
P29218,IMPA1
P29274,ADORA2A
P29275,ADORA2B
P29279,CTGF
P29317,EPHA2
P29320,EPHA3
P29322,EPHA8
P29323,EPHB2
P29371,TACR3
P29400,COL4A5
P29436,rpmH
P29459,IL12A
P29460,IL12B
P29466,CASP1
P29597,TYK2
P29965,CD40LG
P30203,CD6
P30291,WEE1
P30411,BDKRB2
P30518,AVPR2
P30530,AXL
P30531,SLC6A1
P30532,CHRNA5
P30542,ADORA1
P30556,AGTR1
P30559,OXTR
P30872,SSTR1
P30874,SSTR2
P30926,CHRNB4
P30939,HTR1F
P30968,GNRHR
P30988,CALCR
P30989,NTSR1
P31213,SRD5A2
P31327,CPS1
P31350,RRM2
P31358,CD52
P31391,SSTR4
P31639,SLC5A2
P31644,GABRA5
P31645,SLC6A4
P31749,AKT1
P31751,AKT2
P31785,IL2RG
P31944,CASP14
P32238,CCKAR
P32239,CCKBR
P32245,MC4R
P32246,CCR1
P32297,CHRNA3
P32745,SSTR3
P32754,HPD
P32927,CSF2RB
P32942,ICAM3
P33402,GUCY1A2
P33681,CD80
P33981,TTK
P34903,GABRA3
P34969,HTR7
P34972,CNR2
P34981,TRHR
P34995,PTGER1
P34998,CRHR1
P35218,CA5A
P35225,IL13
P35346,SSTR5
P35348,ADRA1A
P35354,PTGS2
P35367,HRH1
P35368,ADRA1B
P35372,OPRM1
P35408,PTGER4
P35462,DRD3
P35498,SCN1A
P35499,SCN4A
P35590,TIE1
P35613,BSG
P35790,CHKA
P35913,PDE6B
P35916,FLT4
P35968,KDR
P35998,PSMC2
P36507,MAP2K2
P36544,CHRNA7
P36888,FLT3
P36897,TGFBR1
P37023,ACVRL1
P37088,SCNN1A
P37231,PPARG
P37268,FDFT1
P37288,AVPR1A
P37840,SNCA
P38435,GGCX
P38484,IFNGR2
P39059,COL15A1
P39060,COL18A1
P39086,GRIK1
P39877,PLA2G5
P40189,IL6ST
P40238,MPL
P40306,PSMB10
P40933,IL15
P41143,OPRD1
P41145,OPRK1
P41146,OPRL1
P41180,CASR
P41217,CD200
P41231,P2RY2
P41594,GRM5
P41595,HTR2B
P41597,CCR2
P41743,PRKCI
P41968,MC3R
P41972,ileS
P42081,CD86
P42261,GRIA1
P42262,GRIA2
P42263,GRIA3
P42336,PIK3CA
P42338,PIK3CB
P42345,MTOR
P42574,CASP3
P42575,CASP2
P42685,FRK
P43088,PTGFR
P43115,PTGER3
P43116,PTGER2
P43119,PTGIR
P43166,CA7
P43220,GLP1R
P43235,CTSK
P43304,GPD2
P43405,SYK
P43490,NAMPT
P43626,KIR2DL1
P43627,KIR2DL2
P43628,KIR2DL3
P43681,CHRNA4
P43686,PSMC4
P45378,TNNT3
P45452,MMP13
P45983,MAPK8
P45984,MAPK9
P46098,HTR3A
P46598,HSP90
P46663,BDKRB1
P47869,GABRA2
P47870,GABRB2
P47871,GCGR
P47872,SCTR
P47901,AVPR1B
P47989,XDH
P48039,MTNR1A
P48058,GRIA4
P48067,SLC6A9
P48167,GLRB
P48169,GABRA4
P48357,LEPR
P48371,gyrA
P48372,gyrA
P48374,parC
P48443,RXRG
P48547,KCNC1
P48551,IFNAR2
P48556,PSMD8
P48736,PIK3CG
P48764,SLC9A3
P48788,TNNI2
P48860,rplL
P48940,rpsG
P49137,MAPKAPK2
P49286,MTNR1B
P49336,CDK8
P49354,FNTA
P49356,FNTB
P49662,CASP4
P49720,PSMB3
P49721,PSMB2
P49763,PGF
P49765,VEGFB
P49767,VEGFC
P49768,PSEN1
P49810,PSEN2
P49821,NDUFV1
P49840,GSK3A
P49841,GSK3B
P49895,DIO1
P50391,NPY4R
P50406,HTR6
P50579,METAP2
P50613,CDK7
P50750,CDK9
P50993,ATP1A2
P51160,PDE6C
P51164,ATP4B
P51168,SCNN1B
P51170,SCNN1G
P51449,RORC
P51451,BLK
P51649,ALDH5A1
P51665,PSMD7
P51671,CCL11
P51681,CCR5
P51686,CCR9
P51787,KCNQ1
P51788,CLCN2
P51878,CASP5
P51970,NDUFA8
P52333,JAK3
P52732,KIF11
P53350,PLK1
P53420,COL4A4
P53582,METAP1
P53779,MAPK10
P54284,CACNB3
P54289,CACNA2D1
P54709,ATP1B3
P54710,FXYD2
P54750,PDE1A
P54753,EPHB3
P54756,EPHA5
P54760,EPHB4
P54762,EPHB1
P54764,EPHA4
P55017,SLC12A3
P55036,PSMD4
P55055,NR1H2
P55157,MTTP
P55210,CASP7
P55211,CASP9
P55212,CASP6
P55268,LAMB2
P55786,NPEPPS
P56181,NDUFV3
P56373,P2RX3
P56524,HDAC4
P56556,NDUFA6
P56696,KCNQ4
P56817,BACE1
P56856,CLDN18
P57789,KCNK10
P60422,rplB
P60430,rplB
P60434,rplB
P60438,rplC
P60624,rplX
P60630,rplX
P60723,rplD
P60880,SNAP25
P60896,SEM1
P60900,PSMA6
P61073,CXCR4
P61175,rplV
P61183,rplV
P61361,rpmG3
P61812,TGFB2
P62191,PSMC1
P62195,PSMC5
P62333,PSMC6
P62399,rplE
P62508,ESRRG
P62593,bla
P62593,blaT-3
P62593,blaT-4
P62593,blaT-5
P62593,blaT-6
P62877,RBX1
P62937,PPIA
P62942,FKBP1A
P62955,CACNG7
P63027,VAMP2
P63252,KCNJ2
P66051,rplJ
P66058,rplK
P66063,rplL
P66084,rplS
P66096,rplA
P66097,rplA
P66113,rplT
P66114,rplT
P66136,rpmA
P66137,rpmA
P66156,rpmB
P66157,rpmB
P66176,rpmC
P66201,rpmE2
P66202,rpmE2
P66235,rpmG3
P66257,rpmH
P66258,rpmH
P66279,rpmI
P66280,rpmI
P66303,rpmJ
P66321,rplI
P66322,rplI
P66340,rpsJ
P66341,rpsJ
P66360,rpsK
P66376,rpsL
P66393,rpsM
P66394,rpsM
P66420,rpsN
P66421,rpsZ
P66424,rpsN
P66445,rpsP
P66446,rpsP
P66473,rpsR
P66475,rpsR
P66496,rpsS
P66509,rpsT
P66525,rpsU
P66526,rpsU
P66555,rpsC
P66566,rpsD
P66567,rpsD
P66582,rpsE
P66583,rpsE
P66599,rpsF
P66603,rpsF
P66619,rpsG
P66633,rpsH
P66634,rpsH
P66648,rpsI
P68331,gK
P68363,TUBA1B
P68366,TUBA4A
P68371,TUBB4B
P68400,CSNK2A1
P68679,rpsU
P68871,HBB
P68900,rplJ
P68901,rpsB
P68919,rplY
P69905,HBA1
P69905,HBA2
P72355,pbp4
P72524,gyrA
P72525,parC
P78334,GABRE
P78527,PRKDC
P78552,IL13RA1
P80192,MAP3K9
P80404,ABAT
P95029,fas
P98088,MUC5AC
P9WGR1,inhA
P9WH25,rpsI
P9WH27,rpsH
P9WH29,rpsG
P9WH31,rpsF
P9WH33,rpsE
P9WH35,rpsD
P9WH37,rpsC
P9WH39,rpsB
P9WH41,rpsT
P9WH43,rpsA
P9WH45,rpsS
P9WH47,rpsR2
P9WH49,rpsR1
P9WH51,rpsQ
P9WH53,rpsP
P9WH55,rpsO
P9WH57,rpsZ
P9WH59,rpsN
P9WH61,rpsM
P9WH63,rpsL
P9WH65,rpsK
P9WH67,rpsJ
P9WH79,rplI
P9WH81,rplF
P9WH83,rplE
P9WH85,rplD
P9WH87,rplC
P9WH89,rpmJ
P9WH91,rpmI
P9WH93,rpmH
P9WH95,rpmG2
P9WH97,rpmG1
P9WH99,rpmF
P9WHA1,rpmE
P9WHA3,rpmD
P9WHA5,rplB
P9WHA7,rpmC
P9WHA9,rpmB2
P9WHB1,rpmB1
P9WHB3,rpmA
P9WHB5,rplY
P9WHB7,rplX
P9WHB9,rplW
P9WHC1,rplV
P9WHC3,rplU
P9WHC5,rplT
P9WHC7,rplA
P9WHC9,rplS
P9WHD1,rplR
P9WHD3,rplQ
P9WHD5,rplP
P9WHD7,rplO
P9WHD9,rplN
P9WHE1,rplM
P9WHE3,rplL
P9WHE5,rplK
P9WHE7,rplJ
P9WNL9,embA
P9WNX1,folA
P9WP31,ddl
P9WPS1,atpE
P9WPU5,atpD
P9WPU7,atpA
P9WPU9,atpG
P9WPV1,atpC
P9WPV3,atpFH
P9WPV5,atpF
P9WPV7,atpB
P9WQA9,alr
Q00526,CDK3
Q00534,CDK6
Q00535,CDK5
Q00536,CDK16
Q00537,CDK17
Q00975,CACNA1B
Q01064,PDE1B
Q01118,SCN7A
Q01344,IL5RA
Q01449,MYL7
Q01668,CACNA1D
Q01718,MC2R
Q01726,MC1R
Q01955,COL4A3
Q01959,SLC6A3
Q02108,GUCY1A3
Q02127,DHODH
Q02153,GUCY1B3
Q02156,PRKCE
Q02161,RHD
Q02641,CACNB1
Q02643,GHRHR
Q02750,MAP2K1
Q02763,TEK
Q02768,MT-CYB
Q02779,MAP3K10
Q02880,TOP2B
Q03181,PPARD
Q03282,ureA
Q03283,ureB
Q03284,ureC
Q03431,PTH1R
Q03721,KCNC4
Q04609,FOLH1
Q04759,PRKCQ
Q04844,CHRNE
Q04912,MST1R
Q05397,PTK2
Q05513,PRKCZ
Q05586,GRIN1
Q05655,PRKCD
Q05940,SLC18A2
Q06187,BTK
Q06203,PPAT
Q06432,CACNG1
Q06643,LTB
Q07001,CHRND
Q07002,CDK18
Q07011,TNFRSF9
Q07075,ENPEP
Q07343,PDE4B
Q07806,mrcA
Q07817,BCL2L1
Q07820,MCL1
Q07864,POLE
Q07869,PPARA
Q08289,CACNB2
Q08334,IL10RB
Q08493,PDE4C
Q08499,PDE4D
Q08881,ITK
Q09428,ABCC8
Q09470,KCNA1
Q12791,KCNMA1
Q12809,KCNH2
Q12852,MAP3K12
Q12879,GRIN2A
Q12908,SLC10A2
Q13002,GRIK2
Q13003,GRIK3
Q13093,PLA2G7
Q13133,NR1H3
Q13200,PSMD2
Q13224,GRIN2B
Q13233,MAP3K1
Q13258,PTGDR
Q13370,PDE3B
Q13421,MSLN
Q13464,ROCK1
Q13467,FZD5
Q13477,MADCAM1
Q13489,BIRC3
Q13490,BIRC2
Q13509,TUBB3
Q13535,ATR
Q13547,HDAC1
Q13564,NAE1
Q13619,CUL4A
Q13621,SLC12A1
Q13639,HTR4
Q13641,TPBG
Q13698,CACNA1S
Q13705,ACVR2B
Q13733,ATP1A4
Q13748,TUBA3C
Q13748,TUBA3D
Q13751,LAMB3
Q13753,LAMC2
Q13882,PTK6
Q13885,TUBB2A
Q13936,CACNA1C
Q13946,PDE7A
Q13956,PDE6H
Q14003,KCNC3
Q14004,CDK13
Q14031,COL4A6
Q14123,PDE1C
Q14145,KEAP1
Q14289,PTK2B
Q14332,FZD2
Q14416,GRM2
Q14432,PDE3A
Q14524,SCN5A
Q14626,IL11RA
Q14627,IL13RA2
Q14654,KCNJ11
Q14721,KCNB1
Q14790,CASP8
Q14832,GRM3
Q14956,GPNMB
Q14957,GRIN2C
Q15008,PSMD6
Q15116,PDCD1
Q15131,CDK10
Q15139,PRKD1
Q15303,ERBB4
Q15375,EPHA7
Q15389,ANGPT1
Q15413,RYR3
Q15722,LTB4R
Q15759,MAPK11
Q15761,NPY5R
Q15825,CHRNA6
Q15842,KCNJ8
Q15858,SCN9A
Q15878,CACNA1E
Q16099,GRIK4
Q16186,ADRM1
Q16236,NFE2L2
Q16288,NTRK3
Q16322,KCNA10
Q16363,LAMA4
Q16445,GABRA6
Q16478,GRIK5
Q16518,RPE65
Q16531,DDB1
Q16539,MAPK14
Q16548,BCL2A1
Q16552,IL17A
Q16584,MAP3K11
Q16602,CALCRL
Q16620,NTRK2
Q16718,NDUFA5
Q16739,UGCG
Q16787,LAMA3
Q16790,CA9
Q16795,NDUFA9
Q16832,DDR2
Q16853,AOC3
Q16881,TXNRD1
Q17RW2,COL24A1
Q182S6,rpoZ
Q18CF1,rpoB
Q18CF3,rpoC
Q18CI5,rpoA
Q25634,GluClX
Q25704,PPPK-DHPS
Q2EEQ2,ykgO
Q2FUQ0,rpmH
Q2FW06,rplC
Q2FW07,rplD
Q2FW08,rplW
Q2FW10,rpsS
Q2FW11,rplV
Q2FW12,rpsC
Q2FW13,rplP
Q2FW14,rpmC
Q2FW15,rpsQ
Q2FW16,rplN
Q2FW17,rplX
Q2FW18,rplE
Q2FW19,rpsZ
Q2FW20,rpsH
Q2FW21,rplF
Q2FW22,rplR
Q2FW23,rpsE
Q2FW29,rpmJ
Q2FW30,rpsM
Q2FW31,rpsK
Q2FW33,rplQ
Q2FW38,rplM
Q2FW39,rpsI
Q2FWD8,rpmE2
Q2FXK6,rpsD
Q2FXQ0,rpmI
Q2FXQ1,rplT
Q2FXS8,rplU
Q2FXT0,rpmA
Q2FXY6,rpsT
Q2FXZ7,rpsU
Q2FY22,rpmG2
Q2FYF9,SAOUHSC_01493
Q2FYU5,rpsN
Q2FYU6,rpmG1
Q2FZ25,rpsB
Q2FZ42,rplS
Q2FZ45,rpsP
Q2FZ60,rpmB
Q2FZF1,rpmF
Q2G0N9,rplJ
Q2G0P0,rplA
Q2G111,rpsR
Q2G113,rpsF
Q2G2Q1,rpsO
Q2G2T3,rplI
Q2UY09,COL28A1
Q2VKV7,vssc
Q30167,HLA-DRB1
Q3ZCM7,TUBB8
Q48WA5,rpmG2
Q490D8,rpmG1
Q4JEY0,A7C99_4692
Q4U2R8,SLC22A6
Q4WLT4,AFUA_6G12400
Q51504,pbpB
Q51505,pbpC
Q53707,mecA
Q53725,pbpA
Q53729,PBP2
Q54618,pbp2b
Q59961,parE
Q5EP76,topB
Q5HK03,gyrB
Q5HK04,gyrA
Q5JZY3,EPHA10
Q5L478,NS5A
Q5XXA6,ANO1
Q69091,gD
Q6P179,ERAP2
Q6PEY2,TUBA3E
Q6PIU1,KCNV1
Q6Q4G3,LVRN
Q6QLK5,env
Q6UB28,METAP1D
Q6UXS9,CASP12
Q70Z44,HTR3D
Q71U36,TUBA1A
Q72547,pol
Q72874,pol
Q75Y37,pbp3
Q75Y54,PBP2X
Q75YD8,pbp2a
Q75YK0,pbp1b
Q7L0J3,SV2A
Q7LG56,RRM2B
Q7Z2W7,TRPM8
Q7Z3S7,CACNA2D4
Q7Z418,KCNK18
Q7ZJM1,pol
Q86V86,PIM3
Q86Y39,NDUFA11
Q89535,F
Q8CWM8,rpsB
Q8CWN3,rpmF
Q8CWN7,rpmG2
Q8CWQ0,rpsO
Q8CWQ9,rplS
Q8CWR5,rplU
Q8CWR8,rpmG1
Q8CWR9,rpsA
Q8CWS0,rpsT
Q8CWS9,rplK
Q8CWU4,rpsI
Q8CWU5,rplM
Q8CWU6,rpsG
Q8CWU8,rplQ
Q8CWV0,rplO
Q8CWV1,rpmD
Q8CWV2,rplR
Q8CWV3,rplF
Q8CWV4,rplE
Q8CWV5,rplB
Q8CWV6,rplW
Q8CWV7,rplD
Q8CWV8,rplC
Q8IU57,IFNLR1
Q8IW41,MAPKAPK5
Q8IWU9,TPH2
Q8IZC6,COL27A1
Q8IZL9,CDK20
Q8IZS8,CACNA2D3
Q8JXU8,NS5B
Q8N183,NDUFAF2
Q8N1C3,GABRG1
Q8N1Q1,CA13
Q8N6M6,AOPEP
Q8NBP7,PCSK9
Q8NCM2,KCNH5
Q8NDH3,NPEPL1
Q8NER1,TRPV1
Q8NET8,TRPV3
Q8TAA3,PSMA8
Q8TAE7,KCNG3
Q8TBC4,UBA3
Q8TCC7,SLC22A8
Q8TCU5,GRIN3A
Q8TDN1,KCNG4
Q8TDN2,KCNV2
Q8WTT0,CLEC4C
Q8WUI4,HDAC7
Q8WW43,APH1B
Q8WXA8,HTR3C
Q8WXD0,RXFP2
Q8WXI7,MUC16
Q8WXS5,CACNG8
Q8WYR1,PIK3R5
Q92542,NCSTN
Q92569,PIK3R3
Q92731,ESR2
Q92769,HDAC2
Q92843,BCL2L2
Q92847,GHSR
Q92851,CASP10
Q92953,KCNB2
Q93088,BHMT
Q968X7,PFOR
Q969P6,TOP1MT
Q969S8,HDAC10
Q96BI3,APH1A
Q96DB2,HDAC11
Q96F46,IL17RA
Q96FE5,LINGO1
Q96GD4,AURKB
Q96KK3,KCNS1
Q96KS0,EGLN2
Q96L42,KCNH8
Q96PR1,KCNC2
Q96Q40,CDK15
Q96RI1,NR1H4
Q96RP8,KCNA7
Q96S37,SLC22A12
Q96SW2,CRBN
Q99062,CSF3R
Q99250,SCN2A
Q99436,PSMB7
Q99460,PSMD1
Q99500,S1PR3
Q99572,P2RX7
Q99683,MAP3K5
Q99720,SIGMAR1
Q99808,SLC29A1
Q99835,SMO
Q99928,GABRG3
Q99XK8,rpmF
Q99XZ0,rpsO
Q99YW3,ileS
Q9A0D6,rplU
Q9A1V0,rpsK
Q9A1V5,rplO
Q9A1V6,rpmD
Q9A1V8,rplR
Q9A1V9,rplF
Q9A1W2,rplE
Q9A1W3,rplX
Q9A1W4,rplN
Q9A1W5,rpsQ
Q9A1W7,rplP
Q9A1X2,rplW
Q9A1X4,rplC
Q9BQ31,KCNS3
Q9BQB4,SOST
Q9BQB6,VKORC1
Q9BQE3,TUBA1C
Q9BU61,NDUFAF3
Q9BUF5,TUBB6
Q9BVA1,TUBB2B
Q9BWU1,CDK19
Q9BXT2,CACNG6
Q9BY41,HDAC8
Q9GZT9,EGLN1
Q9GZV9,FGF23
Q9GZX6,IL22
Q9GZZ6,CHRNA10
Q9H228,S1PR5
Q9H244,P2RY12
Q9H252,KCNH6
Q9H2M3,BHMT2
Q9H3M0,KCNF1
Q9H3N8,HRH4
Q9H3Y6,SRMS
Q9H461,FZD8
Q9H4A4,RNPEP
Q9H4B7,TUBB1
Q9H6Z9,EGLN3
Q9H8P0,SRD5A3
Q9HAU8,RNPEPL1
Q9HB55,CYP3A43
Q9HBA0,TRPV4
Q9HBX9,RXFP1
Q9HC29,NOD2
Q9HCU0,CD248
Q9HD36,BCL2L10
Q9HTN8,rpmB
Q9HTN9,rpmG
Q9HUD0,rpmE
Q9HUJ8,parE
Q9HUK1,parC
Q9HUM9,rpsF
Q9HUN0,rpsR
Q9HUN2,rplI
Q9HV58,rpsO
Q9HVC4,rplY
Q9HVL6,rplU
Q9HVL7,rpmA
Q9HVM1,rpsT
Q9HVY2,rplM
Q9HVY3,rpsI
Q9HWC5,rplK
Q9HWC6,rplA
Q9HWC7,rplJ
Q9HWC8,rplL
Q9HWD0,rpsL
Q9HWD1,rpsG
Q9HWD4,rpsJ
Q9HWD5,rplC
Q9HWD6,rplD
Q9HWD7,rplW
Q9HWD8,rplB
Q9HWD9,rpsS
Q9HWE0,rplV
Q9HWE1,rpsC
Q9HWE2,rplP
Q9HWE3,rpmC
Q9HWE4,rpsQ
Q9HWE5,rplN
Q9HWE6,rplX
Q9HWE7,rplE
Q9HWE8,rpsN
Q9HWE9,rpsH
Q9HWF0,rplF
Q9HWF1,rplR
Q9HWF2,rpsE
Q9HWF3,rpmD
Q9HWF4,rplO
Q9HWF6,rpmJ
Q9HWF7,rpsM
Q9HWF8,rpsK
Q9HXP9,rpsP
Q9HXQ2,rplS
Q9HY25,rpmE2
Q9HY26,rpmJ2
Q9HZ71,rpsA
Q9HZN4,rpmF
Q9I0A1,rpmI
Q9I0A2,rplT
Q9I5V8,rpsU
Q9I7C2,gyrB
Q9IF40,P
Q9NP56,PDE7B
Q9NP84,TNFRSF12A
Q9NPC2,KCNK9
Q9NPF7,IL23A
Q9NQ25,SLAMF7
Q9NQC3,RTN4
Q9NQH7,XPNPEP3
Q9NQW7,XPNPEP1
Q9NR61,DLL4
Q9NR82,KCNQ5
Q9NR96,TLR9
Q9NRX3,NDUFA4L2
Q9NS40,KCNH7
Q9NSA0,SLC22A11
Q9NSA2,KCND1
Q9NX14,NDUFB11
Q9NXG6,P4HTM
Q9NY46,SCN3A
Q9NY47,CACNA2D2
Q9NYK1,TLR7
Q9NYV4,CDK12
Q9NZ08,ERAP1
Q9NZ42,PSENEN
Q9NZQ7,CD274
Q9NZV8,KCND2
Q9P032,NDUFAF4
Q9P0J0,NDUFA13
Q9P0X4,CACNA1I
Q9P1W9,PIM2
Q9P8R0,CYP51
Q9RET4,pbp1a
Q9UBN1,CACNG4
Q9UBN7,HDAC6
Q9UBS0,RPS6KB2
Q9UBS5,GABBR1
Q9UF02,CACNG5
Q9UF33,EPHA6
Q9UGM1,CHRNA9
Q9UGN5,PARP2
Q9UHC9,NPC1L1
Q9UHF1,EGFL7
Q9UI09,NDUFA12
Q9UI33,SCN11A
Q9UIQ6,LNPEP
Q9UIX4,KCNG1
Q9UJ96,KCNG2
Q9UK05,GDF2
Q9UK17,KCND3
Q9UKP6,UTS2R
Q9UKV0,HDAC9
Q9ULA0,DNPEP
Q9ULD8,KCNH3
Q9ULS6,KCNS2
Q9ULX7,CA14
Q9UM73,ALK
Q9UN88,GABRQ
Q9UNM6,PSMD13
Q9UP38,FZD1
Q9UQ05,KCNH4
Q9UQB9,AURKC
Q9UQD0,SCN8A
Q9UQL6,HDAC5
Q9X6V3,pbpA
Q9X6V7,dacA
Q9X6W0,ponB
Q9XDB3,pbpF
Q9Y233,PDE10A
Q9Y243,AKT3
Q9Y251,HPSE
Q9Y271,CYSLTR1
Q9Y275,TNFSF13B
Q9Y2D0,CA5B
Q9Y375,NDUFAF1
Q9Y3Q4,HCN4
Q9Y4K0,LOXL2
Q9Y5N1,HRH3
Q9Y5Y4,PTGDR2
Q9Y5Y9,SCN10A
Q9Y698,CACNG2
Q9Y6F1,PARP3
Q9Y6K1,DNMT3A
Q9Y6M9,NDUFB9
Q9Y6N6,LAMC3
Q9Y6Y9,LY96
